url,emails,phone_numbers,postal_codes,locations,person_names,organization_names
https://www.facebook.com/NHSEngland/,,,,,,NHS England
https://www.linkedin.com/company/nhsengland,,,,,,
https://www.england.nhs.uk/news/,,,,"Oral, Date",,"navirus, Google Analytics, demic Health Science Network, NHS, National Institute, NHS England"
https://www.england.nhs.uk/privacy-policy/,england.contactus@nhs.net,,,,,"gland, Google Analytics, NHS England"
https://www.england.nhs.uk/publication/,,,,"Oral, Date",,"Google Analytics, cademic Health Science Network, Health Professional, NHS England"
https://www.england.nhs.uk/contact-us/feedback/,,,,,,"Google Analytics, NHS, ICS, NHS England"
https://www.england.nhs.uk/accessibility/,"england.contactus@nhs.net, england.web@england.nhs.uk",,,,,"VoiceOver, JAWS, Health Education England, NHS Digital, Google Analytics, land, NVDA, NHS England"
http://www.youtube.com/thenhsengland,,,,,,"Google LLC, ر, ق, YouTube, NHS England"
https://www.england.nhs.uk/statistics/,,,,March,,"Data Collection, Department of Health and Social Care, Government Statistical Service, F, NHSEng, Google Analytics, NHS Digital, In, r All RSS, NHS, National Wheel, NHS England"
https://www.england.nhs.uk/blogs/,,,,Coventry,"Hardy, Andy Hardy, Vin Diwakar, Jake Marshall, Bola Owolabi, Lucy","Data, NHS Research Secure Data Environment, NHS Research Se, Andy, Network, Life Sciences, Sector Partnership, SDE, Google Analytics, Data for Research and Development Programme, UHC, World, Data for Research and Development, Board, Warwickshire, NHS, UK, NHS England"
https://www.england.nhs.uk/get-involved/,,,,March,"Kelly, Fiona Marley, Liz Ryburn","NHS News, Google Analytics, NHS, NHS England"
http://www.twitter.com/NHSEngland,,,,,,
https://www.england.nhs.uk/terms-and-conditions-2/,england.web@england.nhs.uk,,,,,"Google Analytics, NHS England"
https://www.england.nhs.uk/events/,,,,,,"Google Analytics, NHS, dex, NHS England"
https://www.england.nhs.uk,,,,March,,"Google Analytics, uk, NHS, NHS. uk, NHS England"
https://www.england.nhs.uk/ourwork/commissioning2/,,,,,,"Clinical Priorities Advisory Group, Department of Health and Social Care, F, Google Analytics, RSS, UK Health Security Agency, CPAG, Rare Diseases Advisory Group, RDAG, LinkedIn, C, NHS, NHS England"
https://www.england.nhs.uk/about/,,,,,,"Google Analytics, I, National Health Service, NHS, Watch, NHS England"
https://www.nhs.uk/,,,,Manage,,"E, D, NHS 111, EU, Crown, NHS"
https://www.england.nhs.uk/,,,,March,,"Google Analytics, uk, NHS, NHS. uk, NHS England"
https://www.england.nhs.uk/contact-us/,england.contactus@nhs.net,,"16738, B97 9PT, 18001",Redditch,,"111, NHS 111, Google Analytics, NHS, NHS. uk, NHS England"
http://www.nationalarchives.gov.uk/doc/open-government-licence/version/3/,,,,,,The National Archives
https://www.england.nhs.uk/https://www.england.nhs.uk/https://www.england.nhs.uk/https://www.england.nhs.uk/#main-content,,,,,,"I, gram, Google Analytics, NHS England"
https://www.england.nhs.uk/ourwork/,,,,,,"Google Analytics, NHS, National Health Service, NHS England"
https://www.england.nhs.uk/terms-and-conditions/comment-policy/,,,,,,"NHSEngland, Google Analytics, X, Twitter, NHS, NHS England"
https://www.instagram.com/nhsengland,,,,,,NHS England
https://www.england.nhs.uk/email-bulletins/,,,,,,"Allied Health Professionals, Centre for Ad, cing Practice, Google Analytics, Centre for Advancing Practice, NHS, NHS England"
